#Ack,Last Router Ocupation Router Arrival(Packets),Last Router Ocupation Router Arrival_ewma(Packets),Network Situation Router Arrival,Measure Time
39421,0.03,0.0262235,1,241536
40881,0.17,0.141245,1,241835
52561,0.17,0.171675,1,242366
153301,0.04,0.0398681,1,246450
170821,0.19,0.187334,1,246882
186881,0.38,0.377465,1,247312
321201,0.04,0.0368836,1,251101
