#Ack,Last Router Ocupation Router Arrival(Packets),Last Router Ocupation Router Arrival_ewma(Packets),Network Situation Router Arrival,Measure Time
17521,0.72,0.7036,2,110956
18981,0.73,0.72472,2,110956
20441,0.73,0.728944,2,110956
27741,0.71,0.707996,2,110980
29201,0.71,0.709599,2,110980
30661,0.8,0.78192,2,110987
32121,0.81,0.804384,2,110987
33581,0.81,0.808877,2,110987
