#Ack,Last Router Ocupation Router Arrival(Packets),Last Router Ocupation Router Arrival_ewma(Packets),Network Situation Router Arrival,Measure Time
846801,0.38,0.384369,1,89683
921261,0.35,0.351397,1,90185
934401,0.27,0.271901,1,90213
943161,0.4,0.399923,1,90221
944621,0.36,0.367985,1,90374
1480441,0.39,0.397133,1,94748
1623521,0.28,0.33262,1,95833
1624981,0.29,0.298524,1,95833
1806021,0.37,0.376467,1,97143
1934501,0.35,0.362328,1,98024
