#Ack,Last Router Ocupation Router Arrival(Packets),Last Router Ocupation Router Arrival_ewma(Packets),Network Situation Router Arrival,Measure Time
35041,0.21,0.3132,1,231546
42341,0.09,0.0894314,1,231907
55481,0.05,0.0635003,1,232483
70081,0.36,0.350331,1,233185
71541,0.41,0.398066,1,233293
230681,0.04,0.0426303,1,238526
233601,0.08,0.0769052,1,238581
249661,0.12,0.119834,1,238949
623421,0.37,0.388839,1,246258
