#Ack,Last Router Ocupation Router Arrival(Packets),Last Router Ocupation Router Arrival_ewma(Packets),Network Situation Router Arrival,Measure Time
116801,0.07,0.0616774,1,252638
121181,0.05,0.0486107,1,252815
131401,0.11,0.105434,1,253009
138701,0.09,0.0860881,1,253078
153301,0.07,0.0715263,1,253464
175201,0.18,0.177496,1,253889
182501,0.16,0.159826,1,253946
186881,0.09,0.0921586,1,254151
