#Ack,Last Router Ocupation Router Arrival(Packets),Last Router Ocupation Router Arrival_ewma(Packets),Network Situation Router Arrival,Measure Time
296381,0.23,0.280025,1,144222
316821,0.19,0.191827,1,144303
357701,0.25,0.251667,1,144726
360621,0.25,0.251667,1,144732
375221,0.28,0.278303,1,144752
