#Ack,Last Router Ocupation Router Arrival(Packets),Last Router Ocupation Router Arrival_ewma(Packets),Network Situation Router Arrival,Measure Time
1438101,0.3,0.310547,1,144082
1441021,0.29,0.290822,1,144099
1443941,0.21,0.213233,1,144135
1460001,0.24,0.242,1,144195
1478981,0.25,0.2555,1,144498
1505261,0.23,0.219827,1,144640
1514021,0.26,0.258303,1,144843
1516941,0.26,0.258332,1,144862
1518401,0.25,0.251666,1,144896
