#Ack,Last Router Ocupation Router Arrival(Packets),Last Router Ocupation Router Arrival_ewma(Packets),Network Situation Router Arrival,Measure Time
8505961,0.17,0.17166,1,223055
8508881,0.17,0.171666,1,223081
8510341,0.18,0.178333,1,223081
8516181,0.2,0.198301,1,223148
8517641,0.15,0.15966,1,223174
8523481,0.17,0.167679,1,223242
8536621,0.29,0.271871,1,223368
8542461,0.37,0.370995,1,223423
