#Ack,ack_ewma(ms),send_ewma(ms),rtt_ratio,cwnd (Bytes),Last Router Ocupation Ack Arriaval(Packets),Last Router Ocupation Packet Sent(Packets),Network Situation,AckArrival(ms),TSInsideAck(ms),RTTAck(ms)
3466041,40,67,467,11680,0.53,0.99,1,397266,396799,467
3468961,144.8,142.2,477,13140,0.77,0.73,2,397437,396960,477
3471881,48.16,66.04,454,13140,0.69,0.69,1,397461,397007,454
3474801,191.232,188.408,462,13140,0.658,0.53,1,397688,397226,462
3477721,59.0464,69.6816,448,14600,0.6516,0.53,1,397714,397266,448
3480641,153.409,13.9363,625,14600,0.82632,0.83,2,397891,397266,625
3483561,50.6819,139.587,479,14600,0.877264,0.67,2,397916,397437,479
3485021,170.936,47.1175,656,14600,0.919453,0.65,2,398117,397461,656
