#Ack,Last Router Ocupation Router Arrival(Packets),Last Router Ocupation Router Arrival_ewma(Packets),Network Situation Router Arrival,Measure Time
51101,0.09,0.11213,1,251530
54021,0.1,0.100485,1,251530
55481,0,0.020097,1,251547
56941,0,0.00401941,1,251547
73001,0.03,0.0240315,1,251869
94901,0.13,0.127935,1,251957
